accountid,country_code,firstname,lastname,profileid,address,dob,city,zip_code
1234567,ind,Ramu,Galla,984594,"vijayawada,521121",22-02-1994,vijayawada,521121
1234568,usa,Gokul,Govindh,944773,"New York,543436",20-07-1995,New York,543436
1235965,ind,Monica,Lynch,988202,"Denver,522867",22-02-1994,New York,543436
1238385,usa,Alan,Craig,987119,"Milano,522709",20-07-1995,Denver,522867
1235224,ind,Henry,Rixon,988025,"Tokyo,521345",20-08-1995,Milano,522709
1234742,usa,Kurt,Mills,984860,"Fort Lauderdale,521630",22-02-1994,Tokyo,521304
1235278,ind,Chad,Silva,985991,"Santa Ana,522120",22-02-1994,Fort Lauderdale,521630
1235873,usa,Jayden,Olson,988406,"Saint Paul,522056",20-07-1995,Santa Ana,522120
1235433,ind,Mandy,Adams,987126,"Norfolk,521461",20-08-1995,Saint Paul,522056
1236769,usa,Abbey,Dixon,985600,"Rome,521470",22-02-1994,Norfolk,521461
1236965,ind,Leilani,Holmes,984981,"El Paso,521345",22-02-1994,Rome,521470
1235558,usa,Rihanna,Mason,988924,"Milwaukee,521995",20-07-1995,El Paso,521342
1238151,ind,Carl,Lowe,987954,"Fullerton,522605",20-08-1995,Milwaukee,521995
1236558,usa,Nate,Richards,987471,"Salem,521372",22-02-1994,Fullerton,522605
1235994,ind,Judith,Todd,987994,"Fullerton,521548",22-02-1994,Salem,521372
1237925,usa,Logan,Silva,985615,"Lakewood,522805",20-07-1995,Fullerton,521548
1235098,ind,Nick,Morley,988276,"Norfolk,522064",20-08-1995,Lakewood,522805
1237461,usa,Maia,Vangness,984958,"Seattle,521873",22-02-1994,Norfolk,522064
1236375,ind,Johnny,Santos,985843,"Lisbon,521722",22-02-1994,Seattle,521873
1237887,usa,Matthew,Simpson,986460,"Washington,522070",20-07-1995,Lisbon,521722
1235801,ind,Barry,Nelson,988820,"Prague,522308",20-08-1995,Washington,522070
1234768,usa,Leroy,Graves,986436,"Colorado Springs,521825",22-02-1994,Prague,522308
1238160,ind,Gabriel,Reid,986466,"Seattle,521978",22-02-1994,Colorado Springs,521825
1234894,usa,Doug,Graham,986157,"Lisbon,521658",20-07-1995,Seattle,521978
1237689,ind,Johnny,Villiger,987133,"Pittsburgh,521698",20-08-1995,Lisbon,521658
1238306,usa,Nate,Asher,985090,"Washington,521324",22-02-1994,Pittsburgh,521698
1238298,ind,Oliver,Nobbs,985648,"St. Louis,522602",22-02-1994,Washington,521324
1236541,usa,Hank,Jarvis,986617,"Bellevue,521489",20-07-1995,St. Louis,522602
1237197,ind,Clarissa,Herbert,985350,"Cincinnati,521799",20-08-1995,Bellevue,521489
1237762,usa,Jayden,Ryan,987085,"San Diego,521561",22-02-1994,Cincinnati,521799
1236820,ind,Rihanna,Hastings,985857,"Boston,521292",22-02-1994,San Diego,521561
1236666,usa,Johnny,Lee,988099,"Columbus,521166",20-07-1995,Boston,521292
1238445,ind,Samara,Warren,986752,"Berlin,522217",20-08-1995,Columbus,521166
1236885,usa,Henry,Poole,987703,"Lyon,522496",22-02-1994,Berlin,522217
1235608,ind,Chadwick,Waterson,986384,"Murfreesboro,522231",22-02-1994,Lyon,522496
1236440,usa,Mary,Selby,988664,"San Jose,521155",20-07-1995,Murfreesboro,522231
1236915,ind,Tom,Adams,984898,"Springfield,521290",20-08-1995,San Jose,521155
1237025,usa,Cristal,Owen,986183,"Berlin,521791",22-02-1994,Springfield,521290
1236283,ind,Adela,Baker,987789,"Tulsa,522743",22-02-1994,Berlin,521791
1237148,usa,Margaret,Adler,987317,"Lisbon,521221",20-07-1995,Tulsa,522743
1237392,ind,Marilyn,Ellery,986900,"St. Louis,521646",20-08-1995,Lisbon,521221
1235795,usa,Maxwell,Redwood,986308,"Madison,522962",22-02-1994,St. Louis,521646
1236305,ind,Rocco,Swift,987333,"Garland,521572",22-02-1994,Madison,522962
1237297,usa,Caleb,Ianson,986015,"Rome,522920",20-07-1995,Garland,521572
1235052,ind,Johnathan,Uttley,986579,"Innsbruck,521612",20-08-1995,Rome,522920
1238785,usa,Johnny,Morrow,984955,"Phoenix,521339",22-02-1994,Innsbruck,521612
1236794,ind,Kieth,Phillips,986847,"Denver,522344",22-02-1994,Phoenix,521339
1238594,usa,Matt,Moore,987155,"Seattle,521858",20-07-1995,Denver,522344
1237102,ind,Lucas,Osman,988184,"Fremont,522958",20-08-1995,Seattle,521858
1237611,usa,Beatrice,Dixon,986149,"Anaheim,522862",22-02-1994,Fremont,522958
1237839,ind,Vivian,Morgan,986166,"Berna,522367",22-02-1994,Anaheim,522862
1237269,usa,Carl,West,987248,"Fort Lauderdale,522196",20-07-1995,Berna,522367
1235865,ind,Marigold,Stewart,986029,"San Antonio,522171",20-08-1995,Fort Lauderdale,522196
1235174,usa,Chadwick,Woods,988388,"Rochester,522940",22-02-1994,San Antonio,522171
1237165,ind,Penny,Antcliff,986091,"Ontario,522517",22-02-1994,Rochester,522940
1235605,usa,Elijah,Payne,988855,"Glendale,522063",20-07-1995,Ontario,522517
1236508,ind,Jasmine,Hunt,987656,"Zurich,522806",20-08-1995,Glendale,522063
1235824,usa,Javier,Andrews,988149,"Orlando,522178",22-02-1994,Zurich,522806
1238930,ind,Isla,Vane,985226,"Berlin,522704",22-02-1994,Orlando,522178
1237627,usa,Leroy,Cann,988013,"Salem,521676",20-07-1995,Berlin,522704
1237548,ind,Helen,Kirby,985000,"Laredo,521403",20-08-1995,Salem,521676
1237524,usa,Hadley,Goodman,987538,"Milwaukee,521459",22-02-1994,Laredo,521403
1235521,ind,Isla,Saunders,986594,"Madison,522565",22-02-1994,Milwaukee,521459
1238917,usa,Judith,Campbell,985635,"Tallahassee,521601",20-07-1995,Madison,522565
1234728,ind,Alison,Yarlett,987149,"Long Beach,522053",20-08-1995,Tallahassee,521601
1235420,usa,Carla,Griffiths,987724,"Scottsdale,522782",22-02-1994,Long Beach,522053
1236418,ind,Owen,Waterson,988736,"Minneapolis,522394",22-02-1994,Scottsdale,522782
1234763,usa,Nate,Villiger,984707,"Madrid,521972",20-07-1995,Minneapolis,522394
1238978,ind,Adela,Graham,986651,"Madison,521184",20-08-1995,Madrid,521972
1235645,usa,Doris,Dunbar,987410,"Bridgeport,521331",22-02-1994,Madison,521184
1236089,ind,Rocco,Clifford,988404,"Salem,522300",22-02-1994,Bridgeport,521331
1235031,usa,Tyson,Powell,985068,"Phoenix,521194",20-07-1995,Salem,522300
1236836,ind,Sydney,Franks,987037,"Santa Ana,521426",20-08-1995,Phoenix,521194
1235598,usa,Javier,Moss,985066,"Worcester,521759",22-02-1994,Santa Ana,521426
1236677,ind,Rocco,Wooldridge,985175,"Tulsa,521305",22-02-1994,Worcester,521759
1236253,usa,Sloane,Kent,988337,"Saint Paul,522126",20-07-1995,Tulsa,521305
1237303,ind,Matthew,Ainsworth,984721,"Paris,521539",20-08-1995,Saint Paul,522126
1235639,usa,Harvey,Mcneill,985179,"Springfield,522616",22-02-1994,Paris,521539
1238111,ind,Mayleen,Harris,987358,"El Paso,521354",22-02-1994,Springfield,522616
1238025,usa,Marvin,Ellis,988861,"Jacksonville,522339",20-07-1995,El Paso,521354
1237917,ind,Erick,Kennedy,985047,"Lincoln,521163",20-08-1995,Jacksonville,522339
1235724,usa,Dakota,Henderson,987868,"Saint Paul,521230",22-02-1994,Lincoln,521163
1234909,ind,Melania,Roberts,985263,"Indianapolis,522244",22-02-1994,Saint Paul,521230
1234643,usa,Tom,Pratt,985415,"El Paso,522377",20-07-1995,Indianapolis,522244
1235946,ind,Penelope,Shepherd,987152,"Valetta,521983",20-08-1995,El Paso,522377
1238305,usa,Anthony,Barrett,985760,"Glendale,521992",22-02-1994,Valetta,521983
1236029,ind,Renee,Salt,986309,"Seattle,522331",22-02-1994,Glendale,521992
1238691,usa,Benjamin,Wilde,987547,"Fayetteville,522709",20-07-1995,Seattle,522331
1235613,ind,Jasmine,Furnell,988710,"El Paso,522033",20-08-1995,Fayetteville,522709
1235781,usa,Lynn,Morrison,988633,"New York,521234",22-02-1994,El Paso,522033
1237808,ind,John,Waterhouse,988642,"Amarillo,521283",22-02-1994,New York,521234
1234787,usa,Rosa,John,984835,"Anaheim,522288",20-07-1995,Amarillo,521283
1237277,ind,Marilyn,Lakey,986394,"Omaha,522106",20-08-1995,Anaheim,522288
1235047,usa,Marilyn,Hood,984968,"Scottsdale,521894",22-02-1994,Omaha,522106
1235697,ind,Zoe,Boden,984902,"Portland,522862",22-02-1994,Scottsdale,521894
1237181,usa,Roger,Doherty,987437,"St. Louis,521731",20-07-1995,Portland,522862
1236364,ind,Claire,Owen,987786,"Fort Lauderdale,521919",20-08-1995,St. Louis,521731
1237068,usa,Valentina,Fox,986056,"Lakewood,521402",22-02-1994,Fort Lauderdale,521919
1236818,ind,Elijah,Vane,985588,"Toledo,522159",22-02-1994,Lakewood,521402
1236091,usa,Alexia,Bingham,988815,"Rochester,522001",20-07-1995,Toledo,522159
1235640,ind,Gabriel,Powell,988869,"San Antonio,521574",20-08-1995,Rochester,522001
1237628,usa,Abdul,Wheeler,987458,"Long Beach,521217",22-02-1994,San Antonio,521574
1234872,ind,Javier,Thornton,988959,"Rome,521325",22-02-1994,Long Beach,521217
1237013,usa,Daniel,Wise,988349,"Hollywood,522895",20-07-1995,Rome,521325
1234790,ind,Martin,Robe,985248,"Seattle,522976",20-08-1995,Hollywood,522895
1236395,usa,Enoch,Durrant,988446,"Philadelphia,522225",22-02-1994,Seattle,522976
1238543,ind,Rosalee,Nicolas,984613,"Otawa,521146",22-02-1994,Philadelphia,522225
1237205,usa,Lexi,Rycroft,986223,"Madison,521547",20-07-1995,Otawa,521146
1235924,ind,Adelaide,Reyes,986811,"Albuquerque,521318",20-08-1995,Madison,521547
1238032,usa,Adela,Paterson,987281,"Colorado Springs,521200",22-02-1994,Albuquerque,521318
1236598,ind,Analise,Glynn,985463,"Glendale,522656",22-02-1994,Colorado Springs,521200
1238573,usa,Zoe,Hobson,988400,"Columbus,521414",20-07-1995,Glendale,522656
1235406,ind,Alba,Olson,985418,"Ontario,522797",20-08-1995,Columbus,521414
1238968,usa,Hayden,Douglas,988008,"Denver,522649",22-02-1994,Ontario,522797
1238162,ind,Wade,Lindsay,987196,"Chicago,521646",22-02-1994,Denver,522649
1234666,usa,Daria,Kaur,986503,"London,522619",20-07-1995,Chicago,521646
1238598,ind,Johnny,Dann,987486,"Washington,522719",20-08-1995,London,522619
1235686,usa,Nick,Cooper,986214,"Los Angeles,522701",22-02-1994,Washington,522719
1234765,ind,Ronald,Emmott,986244,"Oklahoma City,522493",22-02-1994,Los Angeles,522701
1235239,usa,Evie,Gaynor,987708,"Memphis,522361",20-07-1995,Oklahoma City,522493
1238626,ind,Elle,Martin,985976,"Charlotte,521383",20-08-1995,Memphis,522361
1235976,usa,Elijah,Calderwood,986742,"Miami,522162",22-02-1994,Charlotte,521383
1235537,ind,Michelle,Armstrong,987158,"Stockton,522887",22-02-1994,Miami,522162
1236936,usa,Callie,Jennson,987005,"Chicago,522555",20-07-1995,Stockton,522887
1234805,ind,Nicholas,Drew,984642,"Anaheim,522313",20-08-1995,Chicago,522555
1236417,usa,Roger,Waterhouse,987162,"Chicago,522963",22-02-1994,Anaheim,522313
1235058,ind,Matt,Keys,988922,"San Antonio,522583",22-02-1994,Chicago,522963
1238133,usa,Nick,Herbert,988615,"Kansas City,521819",20-07-1995,San Antonio,522583
1236326,ind,Angelique,Sloan,988144,"Madrid,522893",20-08-1995,Kansas City,521819
1237236,usa,Hank,Jobson,985078,"Los Angeles,522491",22-02-1994,Madrid,522893
1234654,ind,Marigold,Mitchell,987573,"Dallas,522932",22-02-1994,Los Angeles,522491
1237947,usa,Miriam,Gordon,986443,"Toledo,521481",20-07-1995,Dallas,522932
1234641,ind,Bob,Murphy,987551,"Prague,522342",20-08-1995,Toledo,521481
1236934,usa,Aisha,Holmes,985518,"Saint Paul,521360",22-02-1994,Prague,522342
1235081,ind,Goldie,Kidd,985264,"San Jose,522688",22-02-1994,Saint Paul,521360
1235049,usa,William,Rigg,988185,"Honolulu,521407",20-07-1995,San Jose,522688
1237952,ind,Faith,Parker,987553,"Madrid,521643",20-08-1995,Honolulu,521407
1235073,usa,Noah,Morris,985276,"Saint Paul,522301",22-02-1994,Madrid,521643
1237059,ind,Johnny,Todd,988918,"Berna,521155",22-02-1994,Saint Paul,522301
1238901,usa,Michael,Morris,988805,"Bakersfield,521324",20-07-1995,Berna,521155
1238980,ind,Chloe,Simpson,984787,"Bucharest,522071",20-08-1995,Bakersfield,521324
1234893,usa,Cedrick,Benfield,986184,"El Paso,521414",22-02-1994,Bucharest,522071
1234783,ind,Nate,Wild,988716,"Fayetteville,522027",22-02-1994,El Paso,521414
1238221,usa,Domenic,Myatt,987489,"Long Beach,521841",20-07-1995,Fayetteville,522027
1237460,ind,Mike,Andrews,985727,"Jacksonville,522425",20-08-1995,Long Beach,521841
1236716,usa,Mark,Partridge,987464,"Escondido,522611",22-02-1994,Jacksonville,522425
1237702,ind,Shay,Waterson,985317,"Milano,521495",22-02-1994,Escondido,522611
1236991,usa,Priscilla,Lindop,986853,"Fort Lauderdale,522516",20-07-1995,Milano,521495
1237208,ind,Renee,Mould,986226,"Houston,522843",20-08-1995,Fort Lauderdale,522516
1235908,usa,Aisha,Bayliss,986693,"Lisbon,521285",22-02-1994,Houston,522843
1236055,ind,Anthony,Adams,985205,"Madison,522548",22-02-1994,Lisbon,521285
1236781,usa,Jackeline,Quinton,985699,"Saint Paul,521882",20-07-1995,Madison,522548
1237926,ind,Mason,Callan,987258,"St. Louis,522324",20-08-1995,Saint Paul,521882
1237121,usa,Hank,Wise,985179,"Santa Ana,521893",22-02-1994,St. Louis,522324
1236851,ind,Celia,Pitt,985600,"Fort Lauderdale,522684",22-02-1994,Santa Ana,521893
1238157,usa,Tania,Baker,986700,"Bellevue,521513",20-07-1995,Fort Lauderdale,522684
1236297,ind,Nicholas,Spencer,988837,"Innsbruck,521182",20-08-1995,Bellevue,521513
1238311,usa,Boris,Chappell,985180,"Salem,521720",22-02-1994,Innsbruck,521182
1237652,ind,Jasmine,Mcnally,988252,"Honolulu,522771",22-02-1994,Salem,521720
1237982,usa,Barry,Brennan,986416,"Baltimore,522989",20-07-1995,Honolulu,522771
1238273,ind,Javier,Upsdell,985037,"Colorado Springs,521157",20-08-1995,Baltimore,522989
1238322,usa,Maia,Broomfield,987708,"Huntsville,521921",22-02-1994,Colorado Springs,521157
1235371,ind,Gloria,Graham,986984,"Bucharest,522573",22-02-1994,Huntsville,521921
1237395,usa,Remy,Rehman,987840,"Saint Paul,522951",20-07-1995,Bucharest,522573
1237788,ind,Marissa,Gallacher,986089,"Moreno Valley,521984",20-08-1995,Saint Paul,522951
1235228,usa,Elijah,Webster,984908,"Irving,522712",22-02-1994,Moreno Valley,521984
1237033,ind,Carmella,Woodcock,987378,"Fremont,521200",22-02-1994,Irving,522712
1236272,usa,Alba,Yard,984777,"Moreno Valley,521485",20-07-1995,Fremont,521200
1235534,ind,Britney,Thatcher,988741,"Glendale,522508",20-08-1995,Moreno Valley,521485
1237229,usa,Hannah,Newton,985578,"Long Beach,522350",22-02-1994,Glendale,522508
1238612,ind,Anthony,Webster,987433,"Hayward,521833",22-02-1994,Long Beach,522350
1237361,usa,Erick,Ingham,985707,"Reno,521336",20-07-1995,Hayward,521833
1237885,ind,Regina,Salt,987060,"Memphis,522805",20-08-1995,Reno,521336
1238503,usa,Mark,Kennedy,985938,"Rome,522446",22-02-1994,Memphis,522805
1236938,ind,Ciara,Cadman,988418,"Wien,522165",22-02-1994,Rome,522446
1237966,usa,Oliver,Moreno,988811,"Reno,522081",20-07-1995,Wien,522165
1236412,ind,Benny,Khan,986974,"Kansas City,521124",20-08-1995,Reno,522081
1238767,usa,Chadwick,Thorne,986009,"Arlington,522797",22-02-1994,Kansas City,521124
1238619,ind,Bryce,Taylor,984873,"El Paso,521983",22-02-1994,Arlington,522797
1236126,usa,Jack,Burge,986643,"Amarillo,521593",20-07-1995,El Paso,521983
1236402,ind,Percy,Neville,987744,"Bakersfield,522735",20-08-1995,Amarillo,521593
1235193,usa,Julianna,Butler,985835,"San Jose,521927",22-02-1994,Bakersfield,522735
1236553,ind,Fred,Fisher,986682,"Los Angeles,521378",22-02-1994,San Jose,521927
1234760,usa,Bree,Pitt,986124,"Minneapolis,522204",20-07-1995,Los Angeles,521378
1236707,ind,Ethan,Mackenzie,986378,"Tulsa,522451",20-08-1995,Minneapolis,522204
1236273,usa,Matthew,Thornton,987770,"Worcester,522616",22-02-1994,Tulsa,522451
1236873,ind,Summer,Smith,986984,"Laredo,522523",22-02-1994,Worcester,522616
1237031,usa,Brad,Stanton,984933,"Dallas,522842",20-07-1995,Laredo,522523
1237188,ind,Amy,Exton,987698,"Sacramento,521720",20-08-1995,Dallas,522842
1235394,usa,Joseph,Seymour,984946,"San Jose,521315",22-02-1994,Sacramento,521720
1235956,ind,Anabel,Ward,985966,"Huntsville,522734",22-02-1994,San Jose,521315
1236367,usa,Sebastian,Stanley,986668,"Lakewood,522019",20-07-1995,Huntsville,522734
1238526,ind,Tony,Fall,986228,"Salem,522923",20-08-1995,Lakewood,522019
1236243,usa,Melania,Robe,988660,"Valetta,522583",22-02-1994,Salem,522923
1238075,ind,Carol,Miller,985964,"Orlando,522828",22-02-1994,Valetta,522583
1238673,usa,Denis,Smith,985924,"Milano,522914",20-07-1995,Orlando,522828
1235046,ind,Eryn,Penn,986188,"Springfield,522428",20-08-1995,Milano,522914
1237829,usa,Oliver,Ebden,986883,"Tulsa,521450",22-02-1994,Springfield,522428
1235380,ind,Eduardo,Plumb,987509,"Columbus,522033",22-02-1994,Tulsa,521450
1234934,usa,Clarissa,Mooney,984810,"Oklahoma City,522650",20-07-1995,Columbus,522033
1238499,ind,Adalie,Flanders,987512,"Worcester,522480",20-08-1995,Oklahoma City,522650
1236763,usa,Barney,Knight,988674,"Memphis,522005",22-02-1994,Worcester,522480
1237728,ind,Tara,Sylvester,985477,"Hayward,521339",22-02-1994,Memphis,522005
1236391,usa,Logan,Leslie,985368,"Scottsdale,521412",20-07-1995,Hayward,521339
1235498,ind,Cedrick,Oswald,988452,"Irving,522638",20-08-1995,Scottsdale,521412
1234947,usa,Sharon,Greenwood,985558,"Venice,522433",22-02-1994,Irving,522638
1235930,ind,Shay,Poole,987801,"Long Beach,522535",22-02-1994,Venice,522433
1238417,usa,Nick,Hamilton,984615,"Quebec,522990",20-07-1995,Long Beach,522535
1237979,ind,Kaylee,Bowen,988523,"Rochester,522078",20-08-1995,Quebec,522990
1237391,usa,Michelle,Rehman,988199,"Reno,522486",22-02-1994,Rochester,522078
1238618,ind,Mason,Holmes,987773,"Boston,522294",22-02-1994,Reno,522486
1236639,usa,Chanelle,Tanner,988937,"Tokyo,521834",20-07-1995,Boston,522294
1238766,ind,Alessia,Cork,987724,"Tulsa,521444",20-08-1995,Tokyo,521834
1236920,usa,Kieth,Oatway,986797,"Richmond,522269",22-02-1994,Tulsa,521444
1234673,ind,Alex,Neal,985956,"San Antonio,521870",22-02-1994,Richmond,522269
1237938,usa,Samantha,Harrington,986704,"Madison,522121",20-07-1995,San Antonio,521870
1234778,ind,Joseph,Moss,986965,"Orlando,522176",20-08-1995,Madison,522121
1237753,usa,Amy,Wilton,986226,"Fayetteville,521135",22-02-1994,Orlando,522176
1236515,ind,Rufus,Abbey,985612,"Lancaster,521420",22-02-1994,Fayetteville,521135
1237676,usa,Aisha,Tobin,986645,"Philadelphia,522512",20-07-1995,Lancaster,521420
1238811,ind,Anthony,Leigh,987770,"Stockton,521651",20-08-1995,Philadelphia,522512
1238309,usa,Anthony,Addis,987171,"Memphis,521662",22-02-1994,Stockton,521651
1235825,ind,Bernadette,Rixon,987679,"Innsbruck,522030",22-02-1994,Memphis,521662
1238569,usa,Dakota,Gregory,988564,"Albuquerque,522904",20-07-1995,Innsbruck,522030
1234725,ind,Ryan,Bell,986631,"Orlando,522558",20-08-1995,Albuquerque,522904
1235020,usa,Tom,Howard,987604,"Salt Lake City,521669",22-02-1994,Orlando,522558
1236765,ind,Doug,Larsen,985626,"Indianapolis,521816",22-02-1994,Salt Lake City,521669
1236989,usa,Darlene,Denton,986275,"Glendale,522530",20-07-1995,Indianapolis,521816
1236775,ind,Tyson,Upton,984955,"Ontario,522300",20-08-1995,Glendale,522530
1238184,usa,Cristal,Patel,985143,"Minneapolis,522990",22-02-1994,Ontario,522300
1237899,ind,Jasmine,Nayler,987579,"Las Vegas,521522",22-02-1994,Minneapolis,522990
1236385,usa,Melody,Davies,985180,"Denver,522548",20-07-1995,Las Vegas,521522
1236165,ind,Estrella,Farrell,987929,"New Orleans,522332",20-08-1995,Denver,522548
1237636,usa,Gwenyth,Quinton,987771,"Fremont,522370",22-02-1994,New Orleans,522332
1238859,ind,Oliver,Wright,986537,"Scottsdale,522442",22-02-1994,Fremont,522370
1238685,usa,William,Russel,987180,"New Orleans,521428",20-07-1995,Scottsdale,522442
1238894,ind,Rick,Dallas,986698,"Fremont,522044",20-08-1995,New Orleans,521428
1238712,usa,Manuel,Hewitt,986662,"Irving,522257",22-02-1994,Fremont,522044
1237216,ind,Kieth,Norton,988036,"Glendale,522914",22-02-1994,Irving,522257
1238860,usa,Tony,Mccormick,985868,"Orlando,522180",20-07-1995,Glendale,522914
1237363,ind,Martin,Swift,987592,"Richmond,521711",20-08-1995,Orlando,522180
1236952,usa,Benjamin,Vaughn,984683,"Hayward,522452",22-02-1994,Richmond,521711
1234903,ind,Dani,Hamilton,987347,"New York,521354",22-02-1994,Hayward,522452
1238260,usa,Rose,Campbell,985544,"Washington,521390",20-07-1995,New York,521354
1236882,ind,Jacob,Hall,988734,"Memphis,521528",20-08-1995,Washington,521390
1238341,usa,Russel,Mcnally,984631,"Jacksonville,521533",22-02-1994,Memphis,521528
1235497,ind,Juliet,Fisher,987408,"Minneapolis,522380",22-02-1994,Jacksonville,521533
1236928,usa,Eryn,Johnson,987977,"Lisbon,521784",20-07-1995,Minneapolis,522380
1238440,ind,Angelica,Willson,988403,"Pittsburgh,522437",20-08-1995,Lisbon,521784
1236353,usa,Dorothy,Button,985846,"Stockton,522184",22-02-1994,Pittsburgh,522437
1238085,ind,Carl,Vangness,987587,"Memphis,521962",22-02-1994,Stockton,522184
1237830,usa,George,Morgan,987624,"Lakewood,521721",20-07-1995,Memphis,521962
1238465,ind,Christine,Rothwell,984929,"Nashville,521636",20-08-1995,Lakewood,521721
1238945,usa,Jayden,Gordon,988997,"Atlanta,522344",22-02-1994,Nashville,521636
1238659,ind,Norah,Owen,985603,"Norfolk,521596",22-02-1994,Atlanta,522344
1236563,usa,Alessandra,Hood,986160,"Stockton,521946",20-07-1995,Norfolk,521596
1237210,ind,Marina,Forth,987321,"Fayetteville,521227",20-08-1995,Stockton,521946
1236782,usa,Rosalie,Graham,986777,"Miami,521594",22-02-1994,Fayetteville,521227
1235586,ind,Candice,Harris,987746,"Huntsville,521503",22-02-1994,Miami,521594
1234899,usa,David,Cartwright,987054,"Lakewood,522807",20-07-1995,Huntsville,521503
1234898,ind,Aiden,Cameron,984921,"Albuquerque,522647",20-08-1995,Lakewood,522807
1235238,usa,Janelle,Miller,988926,"Colorado Springs,522765",22-02-1994,Albuquerque,522647
1236137,ind,Logan,Dunbar,987278,"Santa Ana,521508",22-02-1994,Colorado Springs,522765
1236514,usa,Amelia,Rogers,984810,"Washington,522297",20-07-1995,Santa Ana,521508
1238404,ind,John,Shields,987742,"Moreno Valley,521532",20-08-1995,Washington,522297
1236358,usa,Peter,Nielson,985867,"Salem,522051",22-02-1994,Moreno Valley,521532
1235706,ind,Maribel,Amstead,984646,"Richmond,521217",22-02-1994,Salem,522051
1238290,usa,Stacy,Cox,987888,"Berna,521861",20-07-1995,Richmond,521217
1235317,ind,Tyson,Dale,985051,"Toledo,521377",20-08-1995,Berna,521861
1235938,usa,Johnathan,James,987935,"Salem,522770",22-02-1994,Toledo,521377
1238394,ind,Tara,Armstrong,988615,"Orlando,521531",22-02-1994,Salem,522770
1234914,usa,Hank,Avery,987513,"Toledo,521770",20-07-1995,Orlando,521531
1237898,ind,Shay,Jennson,984901,"Reno,521724",20-08-1995,Toledo,521770
1237794,usa,Hank,Shields,987249,"Huntsville,522818",22-02-1994,Reno,521724
1235846,ind,Melinda,Hilton,985379,"Seattle,522953",22-02-1994,Huntsville,522818
1238585,usa,Makena,Everett,988457,"Amarillo,521895",20-07-1995,Seattle,522953
1238657,ind,Aisha,Blackburn,988209,"San Antonio,522737",20-08-1995,Amarillo,521895
1236502,usa,Adina,Price,988004,"Oklahoma City,522641",22-02-1994,San Antonio,522737
1235775,ind,Rihanna,Holt,984999,"San Jose,522793",22-02-1994,Oklahoma City,522641
1235941,usa,Wade,Benfield,984723,"Kansas City,522387",20-07-1995,San Jose,522793
1237241,ind,Rachael,Bennett,985300,"Fullerton,522551",20-08-1995,Kansas City,522387
1235922,usa,Cristal,Stuart,984806,"Memphis,522691",22-02-1994,Fullerton,522551
1235810,ind,Johnathan,Rothwell,984850,"Garland,522647",22-02-1994,Memphis,522691
1236532,usa,Sydney,Tait,986368,"San Diego,522245",20-07-1995,Garland,522647
1236937,ind,Sonya,Eyres,984982,"Jersey City,521866",20-08-1995,San Diego,522245
1237036,usa,Molly,Uddin,986939,"Miami,522007",22-02-1994,Jersey City,521866
1236406,ind,Christine,Rodwell,988088,"Philadelphia,521318",22-02-1994,Miami,522007
1235308,usa,Julian,Corbett,988567,"Lyon,521621",20-07-1995,Philadelphia,521318
1238321,ind,Carissa,Terry,988962,"Escondido,521749",20-08-1995,Lyon,521621
1235176,usa,Ronald,Locke,986496,"Reno,521125",22-02-1994,Escondido,521749
1236328,ind,Karla,Upsdell,985680,"Rome,521299",22-02-1994,Reno,521125
1237894,usa,Luna,Rivers,985212,"Dallas,521152",20-07-1995,Rome,521299
1235823,ind,Tyson,Cox,986626,"Hollywood,521385",20-08-1995,Dallas,521152
1236777,usa,Logan,Kidd,986523,"Memphis,521717",22-02-1994,Hollywood,521385
1235342,ind,Matthew,Savage,984976,"El Paso,521426",22-02-1994,Memphis,521717
1235036,usa,Lexi,Shaw,988928,"Albuquerque,521576",20-07-1995,El Paso,521426
1234795,ind,Isabella,Wren,987598,"Las Vegas,521305",20-08-1995,Albuquerque,521576
1234646,usa,Ember,Lane,985860,"Salt Lake City,521415",22-02-1994,Las Vegas,521305
1234604,ind,Winnie,Uddin,985770,"Otawa,521666",22-02-1994,Salt Lake City,521415
1236429,usa,Bryon,Gallacher,985180,"Miami,522966",20-07-1995,Otawa,521666
1238719,ind,Juliette,Turner,988505,"Columbus,521489",20-08-1995,Miami,522966
1237721,usa,Hayden,Bryson,987085,"Bridgeport,521578",22-02-1994,Columbus,521489
1238021,ind,Cherish,Underhill,988659,"Scottsdale,521833",22-02-1994,Bridgeport,521578
1235619,usa,Doris,Cameron,986834,"Albuquerque,521358",20-07-1995,Scottsdale,521833
1237151,ind,Mary,Hobson,985635,"Los Angeles,521562",20-08-1995,Albuquerque,521358
1236595,usa,Faith,Ward,986997,"Hayward,521987",22-02-1994,Los Angeles,521562
1236687,ind,Erick,Maxwell,985624,"Moreno Valley,522697",22-02-1994,Hayward,521987
1238793,usa,Stacy,Hill,985933,"Louisville,522358",20-07-1995,Moreno Valley,522697
1238102,ind,Tom,Collingwood,986135,"Charlotte,521966",20-08-1995,Louisville,522358
1238686,usa,Nate,Lynn,985629,"Scottsdale,521615",22-02-1994,Charlotte,521966
1236897,ind,Candace,Carter,986233,"Moreno Valley,521492",22-02-1994,Scottsdale,521615
1238149,usa,Rick,Jenkin,986363,"Houston,521450",20-07-1995,Moreno Valley,521492
1234792,ind,Natalie,Morris,988232,"New Orleans,522893",20-08-1995,Houston,521450
1238841,usa,Rihanna,Graves,985283,"Ontario,522741",22-02-1994,New Orleans,522893
1238232,ind,Julianna,Terry,986319,"Orlando,522818",22-02-1994,Ontario,522741
1237134,usa,David,Myatt,988142,"Fayetteville,521505",20-07-1995,Orlando,522818
1234928,ind,Iris,Campbell,986248,"Prague,521571",20-08-1995,Fayetteville,521505
1238873,usa,Chuck,Newman,988442,"Scottsdale,522078",22-02-1994,Prague,521571
1235237,ind,Harriet,Yang,988642,"Long Beach,522507",22-02-1994,Scottsdale,522078
1235162,usa,Luke,Sheldon,987052,"Garland,522723",20-07-1995,Long Beach,522507
1236642,ind,Barney,Michael,986961,"St. Louis,522883",20-08-1995,Garland,522723
1238706,usa,Anabelle,Skinner,984954,"Henderson,521989",22-02-1994,St. Louis,522883
1235314,ind,Elise,Mullins,985222,"San Francisco,521312",22-02-1994,Henderson,521989
1237481,usa,Lara,Nicholls,987711,"Baltimore,521332",20-07-1995,San Francisco,521312
1238265,ind,Melania,Lewin,986445,"Bucharest,522722",20-08-1995,Baltimore,521332
1235165,usa,Blake,Torres,984788,"Charlotte,522425",22-02-1994,Bucharest,522722
1238862,ind,John,Mann,988427,"Murfreesboro,522631",22-02-1994,Charlotte,522425
1236838,usa,Celina,Uttley,984618,"Quebec,522951",20-07-1995,Murfreesboro,522631
1235422,ind,Faith,Gray,987270,"Saint Paul,521567",20-08-1995,Quebec,522951
1237791,usa,Roger,Attwood,987864,"Salt Lake City,522325",22-02-1994,Saint Paul,521567
1237798,ind,Daron,Trent,987791,"Berna,521183",22-02-1994,Salt Lake City,522325
1238643,usa,Melody,Hammond,986074,"Quebec,521247",20-07-1995,Berna,521183
1238029,ind,Rihanna,Armstrong,988071,"Lancaster,521364",20-08-1995,Quebec,521247
1234932,usa,Phillip,Hunt,987182,"Denver,522817",22-02-1994,Lancaster,521364
1238985,ind,Kurt,Camden,984756,"St. Louis,522684",22-02-1994,Denver,522817
1238123,usa,Bryce,Morris,987025,"Columbus,522618",20-07-1995,St. Louis,522684
1234749,ind,Jamie,Spencer,985322,"Houston,522103",20-08-1995,Columbus,522618
1238198,usa,Ronald,Tutton,986415,"New York,522070",22-02-1994,Houston,522103
1236142,ind,Hayden,Driscoll,986869,"Detroit,522004",22-02-1994,New York,522070
1238194,usa,Isla,Riley,986952,"Laredo,521673",20-07-1995,Detroit,522004
1237204,ind,Mary,Holmes,988456,"Lancaster,522566",20-08-1995,Laredo,521673
1238532,usa,Anthony,Parker,986597,"New Orleans,521515",22-02-1994,Lancaster,522566
1235528,ind,Chris,Whinter,986768,"Laredo,522792",22-02-1994,New Orleans,521515
1235576,usa,Havana,Crawley,988544,"Charlotte,521130",20-07-1995,Laredo,522792
1235148,ind,Beatrice,Bailey,988695,"Chicago,521191",20-08-1995,Charlotte,521130
1238094,usa,Elise,Haines,985857,"Bakersfield,522344",22-02-1994,Chicago,521191
1237883,ind,Denny,Graham,986898,"Jacksonville,522710",22-02-1994,Bakersfield,522344
1238420,usa,Gil,Eaton,988514,"Atlanta,521967",20-07-1995,Jacksonville,522710
1236557,ind,Bob,Cork,985971,"Valetta,521596",20-08-1995,Atlanta,521967
1235179,usa,Denis,Cassidy,986678,"Memphis,521163",22-02-1994,Valetta,521596
1234729,ind,Domenic,Franks,988292,"Sacramento,522761",22-02-1994,Memphis,521163
1235607,usa,Tom,Partridge,986155,"Honolulu,522782",20-07-1995,Sacramento,522761
1237473,ind,Ivette,Rigg,986841,"Memphis,522834",20-08-1995,Honolulu,522782
1234614,usa,Kieth,Matthews,988812,"Anaheim,521268",22-02-1994,Memphis,522834
1235969,ind,Susan,Baldwin,985843,"Baltimore,521699",22-02-1994,Anaheim,521268
1235556,usa,Danny,Emmett,988543,"Ontario,522553",20-07-1995,Baltimore,521699
1238508,ind,Miley,Thomas,987705,"Fayetteville,522576",20-08-1995,Ontario,522553
1236449,usa,Angela,Newman,988331,"Valetta,521982",22-02-1994,Fayetteville,522576
1238605,ind,Jack,May,988375,"Irving,522634",22-02-1994,Valetta,521982
1237759,usa,Michael,Appleton,988858,"Pittsburgh,522313",20-07-1995,Irving,522634
1234922,ind,Wade,Corbett,985899,"Rochester,521738",20-08-1995,Pittsburgh,522313
1237390,usa,Shay,Hewitt,985989,"Charlotte,522711",22-02-1994,Rochester,521738
1238381,ind,Sloane,Zaoui,988997,"Berna,521660",22-02-1994,Charlotte,522711
1236521,usa,Rosemary,Jefferson,984718,"Saint Paul,522226",20-07-1995,Berna,521660
1236855,ind,Samara,Bristow,988598,"Miami,521882",20-08-1995,Saint Paul,522226
1238533,usa,Leroy,Robertson,988614,"Madrid,522927",22-02-1994,Miami,521882
1237484,ind,Rosalie,Harris,985681,"Springfield,522413",22-02-1994,Madrid,522927
1236093,usa,Teagan,Dallas,984639,"Bakersfield,522535",20-07-1995,Springfield,522413
1236413,ind,Angela,Selby,986996,"Zurich,522499",20-08-1995,Bakersfield,522535
1235214,usa,Adina,Riley,988217,"Louisville,521407",22-02-1994,Zurich,522499
1238181,ind,Josh,Lane,987005,"Detroit,522017",22-02-1994,Louisville,521407
1236728,usa,Carla,Barrett,984734,"Springfield,521561",20-07-1995,Detroit,522017
1236647,ind,John,Summers,984678,"Henderson,521226",20-08-1995,Springfield,521561
1236674,usa,Regina,Lloyd,986144,"Norfolk,522428",22-02-1994,Henderson,521226
1237914,ind,Hayden,Giles,987449,"Philadelphia,522612",22-02-1994,Norfolk,522428
1237122,usa,Audrey,Osmond,985554,"Boston,521706",20-07-1995,Philadelphia,522612
1236234,ind,Javier,Leslie,987301,"New York,521377",20-08-1995,Boston,521706
1235727,usa,Hannah,Hogg,986434,"Louisville,522583",22-02-1994,New York,521377
1236797,ind,Phillip,Rowe,987686,"Bucharest,521170",22-02-1994,Louisville,522583
1237682,usa,Cedrick,Drake,986979,"Prague,522690",20-07-1995,Bucharest,521170
1235684,ind,Sydney,Clifton,985853,"Berlin,522165",20-08-1995,Prague,522690
1236913,usa,Zara,Dwyer,987496,"Innsbruck,521573",22-02-1994,Berlin,522165
1235203,ind,Joseph,Morgan,988092,"Innsbruck,522674",22-02-1994,Innsbruck,521573
1238973,usa,Chuck,Hudson,988765,"San Bernardino,521525",20-07-1995,Innsbruck,522674
1237145,ind,Wade,Hammond,986866,"Murfreesboro,521870",20-08-1995,San Bernardino,521525
1235262,usa,Destiny,Patel,987106,"Santa Ana,521831",22-02-1994,Murfreesboro,521870
1235709,ind,Tyler,Fall,988043,"Lancaster,522425",22-02-1994,Santa Ana,521831
1234660,usa,Jack,Alexander,985016,"Saint Paul,522091",20-07-1995,Lancaster,522425
1236633,ind,Nick,Vass,985609,"Sacramento,521607",20-08-1995,Saint Paul,522091
1236179,usa,Eduardo,Lee,986700,"Lincoln,521126",22-02-1994,Sacramento,521607
1235694,ind,Roger,Mcneill,987928,"Louisville,522894",22-02-1994,Lincoln,521126
1235114,usa,Judith,Doherty,988750,"Tallahassee,522980",20-07-1995,Louisville,522894
1234653,ind,David,Moore,987581,"Stockton,522321",20-08-1995,Tallahassee,522980
1237108,usa,Gina,Fox,988197,"Detroit,522878",22-02-1994,Stockton,522321
1235516,ind,Rita,Cadman,985007,"Long Beach,522875",22-02-1994,Detroit,522878
1235920,usa,Evelynn,Rogan,985760,"New York,521937",20-07-1995,Long Beach,522875
1235536,ind,Danny,Grady,985712,"Murfreesboro,522726",20-08-1995,New York,521937
1234613,usa,Adela,Nicolas,987978,"Hayward,522072",22-02-1994,Murfreesboro,522726
1235392,ind,Maxwell,Hopkinson,987537,"Reno,522249",22-02-1994,Hayward,522072
1237333,usa,Harvey,Hunt,984692,"Fremont,521572",20-07-1995,Reno,522249
1236022,ind,Elisabeth,Griffiths,986408,"Zurich,522531",20-08-1995,Fremont,521572
1234624,usa,Ron,Malone,986318,"Norfolk,521403",22-02-1994,Zurich,522531
1234859,ind,Kurt,Harrison,987995,"San Antonio,522076",22-02-1994,Norfolk,521403
1238734,usa,Camden,Mason,988439,"Cincinnati,522470",20-07-1995,San Antonio,522076
1237043,ind,Jacob,Ingram,985088,"Detroit,522404",20-08-1995,Cincinnati,522470
1234986,usa,Boris,Bingham,986210,"San Bernardino,521857",22-02-1994,Detroit,522404
1237288,ind,Julian,Gordon,987505,"Richmond,521236",22-02-1994,San Bernardino,521857
1237194,usa,Bree,Milner,985234,"Milwaukee,522367",20-07-1995,Richmond,521236
1238960,ind,Kieth,Vallory,987016,"Paris,521544",20-08-1995,Milwaukee,522367
1235120,usa,Chuck,Cassidy,988975,"Otawa,521641",22-02-1994,Paris,521544
1238887,ind,Barney,Bullock,986055,"Seattle,522566",22-02-1994,Otawa,521641
1235286,usa,Vicky,Smith,985342,"Wien,522032",20-07-1995,Seattle,522566
1234857,ind,Jackeline,Thorne,985877,"San Jose,522184",20-08-1995,Wien,522032
1234968,usa,Alan,Strong,986362,"Laredo,522181",22-02-1994,San Jose,522184
1236696,ind,Joseph,Ring,985720,"London,522778",22-02-1994,Laredo,522181
1238253,usa,Gabriel,Lindop,986909,"Dallas,521187",20-07-1995,London,522778
1238424,ind,Harry,Duvall,986124,"Detroit,522684",20-08-1995,Dallas,521187
1237749,usa,Chadwick,Bowen,985384,"London,522574",22-02-1994,Detroit,522684
1236720,ind,Adelaide,Allcott,988184,"Salem,521619",22-02-1994,London,522574
1237410,usa,Jayden,Tyler,984717,"Kansas City,522656",20-07-1995,Salem,521619
1238963,ind,Thea,Redfern,986405,"Berna,521345",20-08-1995,Kansas City,522656
1236848,usa,Hazel,Rowe,986310,"Stockton,521133",22-02-1994,Berna,521345
1235664,ind,Marissa,Denton,988835,"Columbus,521364",22-02-1994,Stockton,521133
1238002,usa,Carol,Hancock,987093,"Dallas,522496",20-07-1995,Columbus,521364
1238836,ind,Barry,Yard,988070,"Madrid,522671",20-08-1995,Dallas,522496
1237573,usa,Michael,Attwood,987558,"Tallahassee,521271",22-02-1994,Madrid,522671
1237310,ind,Callie,Cann,986152,"Tallahassee,521253",22-02-1994,Tallahassee,521271
1236288,usa,David,Amstead,987708,"Lakewood,522513",20-07-1995,Tallahassee,521253
1234995,ind,Cassidy,King,988537,"Baltimore,521155",20-08-1995,Lakewood,522513
1235329,usa,John,Miller,987199,"Irving,522177",22-02-1994,Baltimore,521155
1238106,ind,Johnathan,Harris,984686,"Anaheim,522233",22-02-1994,Irving,522177
1236887,usa,Rosalie,Dobson,987862,"Paris,521141",20-07-1995,Anaheim,522233
1238849,ind,Louise,Mcneill,985419,"San Antonio,521662",20-08-1995,Paris,521141
1238852,usa,Nate,May,988376,"Bellevue,521738",22-02-1994,San Antonio,521662
1237677,ind,Nate,Graves,987503,"Berlin,522667",22-02-1994,Bellevue,521738
1237534,usa,Paula,Riley,986898,"Glendale,521736",20-07-1995,Berlin,522667
1238284,ind,Boris,Poulton,988339,"Springfield,522460",20-08-1995,Glendale,521736
1236637,usa,Judith,Alldridge,985852,"Moreno Valley,522532",22-02-1994,Springfield,522460
1235987,ind,Tyson,Martin,987626,"Miami,521189",22-02-1994,Moreno Valley,522532
1235363,usa,Mavis,Casey,984812,"Toledo,521485",20-07-1995,Miami,521189
1234582,ind,Lucy,Vane,985942,"Jacksonville,522383",20-08-1995,Toledo,521485
1234592,usa,Brad,Williams,986395,"Albuquerque,521667",22-02-1994,Jacksonville,522383
1236008,ind,Bryon,Cunningham,986724,"Los Angeles,521845",22-02-1994,Albuquerque,521667
1238240,usa,Harvey,Brock,985929,"Hollywood,522654",20-07-1995,Los Angeles,521845
1237289,ind,Cadence,Saunders,985693,"Fort Lauderdale,521136",20-08-1995,Hollywood,522654
1235010,usa,Faith,Stevenson,985207,"Jacksonville,521531",22-02-1994,Fort Lauderdale,521136
1234756,ind,Lynn,Lakey,986709,"Moreno Valley,522585",22-02-1994,Jacksonville,521531
1237452,usa,Matt,James,987484,"Tulsa,522714",20-07-1995,Moreno Valley,522585
1235251,ind,Barry,Avery,987992,"San Jose,522209",20-08-1995,Tulsa,522714
1238304,usa,Claire,Flack,985638,"Paris,522390",22-02-1994,San Jose,522209
1235256,ind,Britney,Ellery,984662,"Albuquerque,522240",22-02-1994,Paris,522390
1234864,usa,Tony,Todd,987001,"Omaha,521559",20-07-1995,Albuquerque,522240
1238457,ind,Sage,Ogilvy,987066,"Indianapolis,521444",20-08-1995,Omaha,521559
1234830,usa,Michael,Whinter,985714,"Jacksonville,521314",22-02-1994,Indianapolis,521444
1237045,ind,Greta,Moore,986502,"Reno,521580",22-02-1994,Jacksonville,521314
1235005,usa,Rick,Reid,984984,"London,521983",20-07-1995,Reno,521580
1234674,ind,Regina,Foxley,987731,"Kansas City,522414",20-08-1995,London,521983
1236724,usa,Matthew,Ballard,985943,"Columbus,521368",22-02-1994,Kansas City,522414
1235270,ind,Kimberly,Underhill,984665,"Rome,522934",22-02-1994,Columbus,521368
1237530,usa,Benjamin,Whitmore,986719,"Detroit,521322",20-07-1995,Rome,522934
1237365,ind,Bristol,Johnson,988532,"Atlanta,522421",20-08-1995,Detroit,521322
1236095,usa,Tania,Cartwright,986286,"Madrid,521136",22-02-1994,Atlanta,522421
1238893,ind,Lucas,Dillon,988564,"Amarillo,522907",22-02-1994,Madrid,521136
1235988,usa,Martin,Norton,985744,"Hollywood,521554",20-07-1995,Amarillo,522907
1236602,ind,Chadwick,Wise,986860,"Detroit,522574",20-08-1995,Hollywood,521554
1235016,usa,Cecilia,Moore,988816,"Henderson,522273",22-02-1994,Detroit,522574
1237911,ind,John,Furnell,986920,"Berna,521914",22-02-1994,Henderson,522273
1237143,usa,Kendra,Raven,985285,"Madrid,521197",20-07-1995,Berna,521914
1238429,ind,Kurt,Shields,986976,"Lyon,521399",20-08-1995,Madrid,521197
1237116,usa,Nate,Stubbs,988140,"Louisville,522243",22-02-1994,Lyon,521399
1234625,ind,Leroy,Nobbs,988650,"Atlanta,521318",22-02-1994,Louisville,522243
1237434,usa,Jayden,Foxley,987118,"Atlanta,521281",20-07-1995,Atlanta,521318
1234777,ind,Josephine,Huggins,986839,"Bakersfield,522602",20-08-1995,Atlanta,521281
1237924,usa,Ruth,Carter,987379,"San Jose,521366",22-02-1994,Bakersfield,522602
1235152,ind,Harriet,Roscoe,986039,"Madrid,522417",22-02-1994,San Jose,521366
1235503,usa,Sofie,Hobson,986619,"Detroit,522848",20-07-1995,Madrid,522417
1238680,ind,Dorothy,Oliver,988590,"Stockton,521618",20-08-1995,Detroit,522848
1235883,usa,Rachael,Gallacher,985945,"Berna,522581",22-02-1994,Stockton,521618
1235715,ind,Candace,Todd,985992,"Dallas,521561",22-02-1994,Berna,522581
1235360,usa,Gil,Hardwick,986512,"Garland,521145",20-07-1995,Dallas,521561
1237740,ind,Nate,Lyon,987085,"Salt Lake City,522383",20-08-1995,Garland,521145
1236260,usa,Danielle,Fisher,987868,"Laredo,522290",22-02-1994,Salt Lake City,522383
1238127,ind,Melinda,Locke,988944,"Atlanta,521406",22-02-1994,Laredo,522290
1236718,usa,Mona,Lane,988787,"Oklahoma City,522820",20-07-1995,Atlanta,521406
1238875,ind,Camila,Gosling,986653,"Lisbon,522660",20-08-1995,Oklahoma City,522820
1237613,usa,Cassandra,Brooks,985972,"Santa Ana,522434",22-02-1994,Lisbon,522660
1235479,ind,Ilona,Owen,986946,"Lisbon,522117",22-02-1994,Santa Ana,522434
1238992,usa,Camellia,Connell,985442,"San Antonio,522826",20-07-1995,Lisbon,522117
1236995,ind,Peter,Wigley,987222,"Worcester,522591",20-08-1995,San Antonio,522826
1235948,usa,Margot,Lloyd,986706,"Berna,521552",22-02-1994,Worcester,522591
1237009,ind,Bethany,Gordon,987110,"Arlington,521283",22-02-1994,Berna,521552
1236343,usa,Julia,Cobb,987388,"Philadelphia,521486",20-07-1995,Arlington,521283
1236680,ind,Aeris,Ryan,988002,"Moreno Valley,522642",20-08-1995,Philadelphia,521486
1236277,usa,Abdul,Rixon,988126,"Salem,522357",22-02-1994,Moreno Valley,522642
1236538,ind,Sabrina,Judd,985949,"Baltimore,521883",22-02-1994,Salem,522357
1235273,usa,Alexa,Judd,987352,"Innsbruck,521146",20-07-1995,Baltimore,521883
1237741,ind,Eden,Abbey,985250,"Atlanta,521124",20-08-1995,Innsbruck,521146
1234630,usa,Mackenzie,Doherty,987722,"St. Louis,522689",22-02-1994,Atlanta,521124
1238736,ind,Rocco,Campbell,985848,"Rochester,521578",22-02-1994,St. Louis,522689
1237550,usa,Johnathan,Johnson,987926,"Prague,522245",20-07-1995,Rochester,521578
1238412,ind,Bart,Whinter,988087,"Louisville,522697",20-08-1995,Prague,522245
1237574,usa,Renee,Thornton,985412,"Quebec,522655",22-02-1994,Louisville,522697
1237249,ind,Brooklyn,Archer,985867,"Columbus,522689",22-02-1994,Quebec,522655
1235369,usa,Chris,Roth,988038,"New York,521337",20-07-1995,Columbus,522689
1235772,ind,Jack,Casey,984783,"Garland,521930",20-08-1995,New York,521337
1235102,usa,Benny,Gregory,988829,"Miami,522533",22-02-1994,Garland,521930
1235848,ind,Ramon,Simpson,987972,"Philadelphia,521618",22-02-1994,Miami,522533
1237761,usa,Margaret,Morris,988546,"Detroit,521980",20-07-1995,Philadelphia,521618
1235952,ind,Barney,Becker,988047,"Salem,521159",20-08-1995,Detroit,521980
1237635,usa,Janelle,Lunt,987966,"Bakersfield,522648",22-02-1994,Salem,521159
1235572,ind,Adina,Lowe,985912,"Wien,522510",22-02-1994,Bakersfield,522648
1235560,usa,Phillip,Dixon,986677,"Ontario,522759",20-07-1995,Wien,522510
1238285,ind,Hayden,Burge,987488,"Cincinnati,522195",20-08-1995,Ontario,522759
1236559,usa,Carmen,Kelly,984879,"Phoenix,522250",22-02-1994,Cincinnati,522195
1235425,ind,Penny,Duvall,987269,"Laredo,521897",22-02-1994,Phoenix,522250
1234662,usa,Jaylene,Atkinson,985188,"Fullerton,522373",20-07-1995,Laredo,521897
1236347,ind,Nicholas,Gray,987328,"New York,521206",20-08-1995,Fullerton,522373
1235789,usa,Piper,Silva,985164,"Los Angeles,522793",22-02-1994,New York,521206
1236162,ind,Savannah,Barclay,988818,"Tokyo,521151",22-02-1994,Los Angeles,522793
1238408,usa,Nathan,Partridge,988689,"San Francisco,521363",20-07-1995,Tokyo,521151
1234806,ind,Abbey,Brett,987766,"Salem,521516",20-08-1995,San Francisco,521363
1238130,usa,Janelle,Allcott,985721,"Zurich,521776",22-02-1994,Salem,521516
1236122,ind,Adeline,Gilbert,987078,"Bellevue,522036",22-02-1994,Zurich,521776
1238450,usa,Kimberly,Newman,986201,"Las Vegas,521560",20-07-1995,Bellevue,522036
1236145,ind,Aiden,Connell,987817,"Pittsburgh,521568",20-08-1995,Las Vegas,521560
1237604,usa,Bridget,Fox,986854,"Prague,521347",22-02-1994,Pittsburgh,521568
1236729,ind,Bryon,Jordan,987712,"Springfield,521264",22-02-1994,Prague,521347
1237546,usa,Angelica,Ballard,986856,"Murfreesboro,521582",20-07-1995,Springfield,521264
1238204,ind,Denny,Wright,987160,"Columbus,522657",20-08-1995,Murfreesboro,521582
1236130,usa,Lucas,Hall,988995,"Lincoln,522103",22-02-1994,Columbus,522657
1235443,ind,Bob,Brooks,985961,"Colorado Springs,521145",22-02-1994,Lincoln,522103
1234912,usa,Gil,Morris,985323,"Tokyo,522628",20-07-1995,Colorado Springs,521145
1235079,ind,Erick,Booth,984804,"Tallahassee,521442",20-08-1995,Tokyo,522628
1234880,usa,Rowan,Thorpe,985454,"Fayetteville,521749",22-02-1994,Tallahassee,521442
1238941,ind,Meredith,Vass,986579,"Indianapolis,522021",22-02-1994,Fayetteville,521749
1238914,usa,Liam,Hobbs,988191,"Houston,521628",20-07-1995,Indianapolis,522021
1237015,ind,Alessandra,Miller,985338,"Richmond,522357",20-08-1995,Houston,521628
1235297,usa,Amelia,Bryant,986620,"San Francisco,521270",22-02-1994,Richmond,522357
1237418,ind,Denis,Morley,985175,"Denver,521301",22-02-1994,San Francisco,521270
1237275,usa,Phillip,Blackburn,985177,"Norfolk,521900",20-07-1995,Denver,521301
1238384,ind,Aiden,Blythe,987097,"Venice,522704",20-08-1995,Norfolk,521900
1237380,usa,Carl,Campbell,988419,"Phoenix,522599",22-02-1994,Venice,522704
1237688,ind,Sebastian,Morgan,987990,"Charlotte,521739",22-02-1994,Phoenix,522599
1237455,usa,Bryon,Donovan,984707,"Los Angeles,521229",20-07-1995,Charlotte,521739
1238365,ind,Piper,Potter,986250,"El Paso,521231",20-08-1995,Los Angeles,521229
1237701,usa,Sebastian,Squire,986524,"El Paso,521882",22-02-1994,El Paso,521231
1236102,ind,John,Cox,985486,"Stockton,522083",22-02-1994,El Paso,521882
1234631,usa,David,Vollans,988761,"Lakewood,521188",20-07-1995,Stockton,522083
1236714,ind,Taylor,Andrews,985012,"Lisbon,521754",20-08-1995,Lakewood,521188
1237282,usa,Domenic,Emmett,985365,"Boston,522283",22-02-1994,Lisbon,521754
1238018,ind,Georgia,Dubois,988935,"Oklahoma City,521712",22-02-1994,Boston,522283
1237737,usa,Rita,Ross,988610,"El Paso,522378",20-07-1995,Oklahoma City,521712
1236682,ind,Mike,Becker,988771,"Lincoln,521527",20-08-1995,El Paso,522378
1236062,usa,Denis,Rothwell,987706,"Bridgeport,522518",22-02-1994,Lincoln,521527
1235004,ind,Adeline,Lewin,985015,"Escondido,522521",22-02-1994,Bridgeport,522518
1237774,usa,Clarissa,Harris,985894,"San Bernardino,522890",20-07-1995,Escondido,522521
1234746,ind,Josephine,Woodcock,987044,"Bellevue,522081",20-08-1995,San Bernardino,522890
1236824,usa,Benjamin,Goldsmith,988037,"Richmond,521668",22-02-1994,Bellevue,522081
1238199,ind,Harriet,Saunders,984708,"Tokyo,522247",22-02-1994,Richmond,521668
1234588,usa,Carter,Terry,985607,"Baltimore,521187",20-07-1995,Tokyo,522247
1236148,ind,Claire,Samuel,985121,"Cincinnati,522567",20-08-1995,Baltimore,521187
1235600,usa,Chadwick,Bradshaw,988643,"Worcester,521259",22-02-1994,Cincinnati,522567
1237400,ind,Jayden,Vaughan,984951,"New Orleans,522871",22-02-1994,Worcester,521259
1235967,usa,Leslie,Bishop,987231,"Paris,522605",20-07-1995,New Orleans,522871
1238274,ind,Daphne,Booth,986604,"Albuquerque,522208",20-08-1995,Paris,522605
1236487,usa,Megan,Hill,988856,"Los Angeles,522858",22-02-1994,Albuquerque,522208
1236219,ind,Matt,Franks,986914,"Madison,522447",22-02-1994,Los Angeles,522858
1238738,usa,Tara,Salt,988825,"Fullerton,522333",20-07-1995,Madison,522447
1236184,ind,Kieth,Stark,986569,"Springfield,522321",20-08-1995,Fullerton,522333
1237729,usa,Trisha,Wilkinson,986206,"Lisbon,522352",22-02-1994,Springfield,522321
1237468,ind,Hailey,Graves,987106,"Honolulu,522806",22-02-1994,Lisbon,522352
1236668,usa,Mason,Gosling,986407,"Nashville,522416",20-07-1995,Honolulu,522806
1236171,ind,Alma,Flanders,988162,"Honolulu,522544",20-08-1995,Nashville,522416
1237375,usa,Owen,Selby,988651,"Fort Lauderdale,521262",22-02-1994,Honolulu,522544
1236134,ind,Vanessa,Marshall,988317,"Bucharest,522160",22-02-1994,Fort Lauderdale,521262
1236745,usa,Barney,Emmott,988634,"Rochester,522255",20-07-1995,Bucharest,522160
1237526,ind,Elijah,Mullins,984742,"Wien,522784",20-08-1995,Rochester,522255
1237538,usa,Priscilla,Woodley,987005,"Seattle,522350",22-02-1994,Wien,522784
1234736,ind,Carl,Tobin,988956,"Salt Lake City,521145",22-02-1994,Seattle,522350
1238087,usa,Evie,Baxter,986761,"Salt Lake City,522388",20-07-1995,Salt Lake City,521145
1235487,ind,Belinda,Thatcher,986841,"Los Angeles,522022",20-08-1995,Salt Lake City,522388
1238716,usa,Enoch,Flack,985286,"Las Vegas,522474",22-02-1994,Los Angeles,522022
1238377,ind,Abdul,Simmons,985000,"Huntsville,521655",22-02-1994,Las Vegas,522474
1235843,usa,Angel,Phillips,987851,"Oakland,521477",20-07-1995,Huntsville,521655
1236057,ind,Javier,Skinner,987253,"Bellevue,522152",20-08-1995,Oakland,521477
1238851,usa,Erick,Gonzales,986318,"Madison,521240",22-02-1994,Bellevue,522152
1235845,ind,Fred,Swift,988560,"Milano,521211",22-02-1994,Madison,521240
1237950,usa,David,Raven,985219,"Lisbon,521510",20-07-1995,Milano,521211
1238534,ind,Jenna,Rixon,985516,"Lancaster,522126",20-08-1995,Lisbon,521510
1236581,usa,Barry,Bloom,987106,"San Jose,522328",22-02-1994,Lancaster,522126
1237968,ind,Jacob,James,985845,"Los Angeles,522504",22-02-1994,San Jose,522328
1238136,usa,Barney,Dubois,986302,"Boston,522429",20-07-1995,Los Angeles,522504
1236817,ind,Ruth,Noon,986232,"Los Angeles,521418",20-08-1995,Boston,522429
1234669,usa,Violet,Vangness,987078,"Springfield,521813",22-02-1994,Los Angeles,521418
1234762,ind,Michaela,Walton,986087,"Pittsburgh,521282",22-02-1994,Springfield,521813
1235272,usa,Sharon,Coates,987884,"Denver,522396",20-07-1995,Pittsburgh,521282
1236088,ind,Sabrina,Asher,988892,"El Paso,522372",20-08-1995,Denver,522396
1238406,usa,Henry,Wood,987429,"New York,521479",22-02-1994,El Paso,522372
1235523,ind,Danny,Stone ,987490,"Oklahoma City,522746",22-02-1994,New York,521479
1237478,usa,Chad,Rainford,987041,"Reno,522210",20-07-1995,Oklahoma City,522746
1234856,ind,Jack,Underhill,987654,"Las Vegas,522575",20-08-1995,Reno,522210
1235338,usa,Clint,Hardwick,984825,"Indianapolis,521287",22-02-1994,Las Vegas,522575
1236588,ind,Maia,Wright,985243,"San Bernardino,522904",22-02-1994,Indianapolis,521287
1234921,usa,Nick,Smith,988814,"El Paso,522116",20-07-1995,San Bernardino,522904
1235483,ind,Laila,Lloyd,988021,"Escondido,522255",20-08-1995,El Paso,522116
1237763,usa,Nick,King,987336,"Louisville,521520",22-02-1994,Escondido,522255
1238884,ind,Shay,Stubbs,987507,"Sacramento,521452",22-02-1994,Louisville,521520
1237506,usa,Destiny,James,987578,"Louisville,522717",20-07-1995,Sacramento,521452
1236407,ind,Nick,Dobson,986128,"Ontario,521505",20-08-1995,Louisville,522717
1235043,usa,Barry,Ulyatt,987796,"Tulsa,522194",22-02-1994,Ontario,521505
1238303,ind,Barry,Uttridge,985844,"Baltimore,522137",22-02-1994,Tulsa,522194
1235463,usa,Angelica,Roberts,988128,"Seattle,521221",20-07-1995,Baltimore,522137
1235481,ind,Hope,Roberts,985670,"Philadelphia,521383",20-08-1995,Seattle,521221
1238414,usa,Mike,Stewart,987106,"Amarillo,522560",22-02-1994,Philadelphia,521383
1238979,ind,Bethany,Anderson,988124,"Garland,522948",22-02-1994,Amarillo,522560
1236118,usa,Daniel,Murray,985513,"Las Vegas,521987",20-07-1995,Garland,522948
1237146,ind,Priscilla,Abbot,988201,"Rome,522766",20-08-1995,Las Vegas,521987
1238781,usa,Joseph,Eyres,987865,"Detroit,522994",22-02-1994,Rome,522766
1234698,ind,George,Eastwood,985086,"Paris,521790",22-02-1994,Detroit,522994
1235964,usa,Lana,Robe,986027,"Colorado Springs,522974",20-07-1995,Paris,521790
1235507,ind,Matthew,Clarke,984693,"Orlando,521196",20-08-1995,Colorado Springs,522974
1238916,usa,Caleb,Lyon,987240,"Lisbon,521521",22-02-1994,Orlando,521196
1236361,ind,Nate,Warner,986802,"Lisbon,522008",22-02-1994,Lisbon,521521
1236529,usa,Carolyn,Nielson,987488,"Bridgeport,522321",20-07-1995,Lisbon,522008
1235729,ind,Hailey,Williams,984760,"Richmond,521693",20-08-1995,Bridgeport,522321
1235096,usa,Harry,Harvey,986741,"Lisbon,521876",22-02-1994,Richmond,521693
1234874,ind,Andrea,Ellwood,987271,"Boston,521616",22-02-1994,Lisbon,521876
1234816,usa,Hayden,Thorpe,987365,"Kansas City,522754",20-07-1995,Boston,521616
1237030,ind,Freya,Wise,988463,"Murfreesboro,521200",20-08-1995,Kansas City,522754
1235850,usa,Anthony,Yates,986662,"Madrid,521806",22-02-1994,Murfreesboro,521200
1236116,ind,Dakota,Lucas,988362,"Philadelphia,522014",22-02-1994,Madrid,521806
1237403,usa,Faith,Funnell,988517,"Chicago,522048",20-07-1995,Philadelphia,522014
1235644,ind,Morgan,Hall,988512,"Long Beach,522004",20-08-1995,Chicago,522048
1238003,usa,Bob,Davies,986678,"Dallas,521230",22-02-1994,Long Beach,522004
1238861,ind,Sebastian,Gibbons,985015,"Tallahassee,522323",22-02-1994,Dallas,521230
1234849,usa,Dasha,Truscott,986598,"Long Beach,522068",20-07-1995,Tallahassee,522323
1238765,ind,Martin,Oswald,985776,"Sacramento,522681",20-08-1995,Long Beach,522068
1234948,usa,Michaela,Craig,988561,"Springfield,522978",22-02-1994,Sacramento,522681
1236993,ind,Marina,Daniells,986644,"Lyon,521993",22-02-1994,Springfield,522978
1237430,usa,Sydney,Attwood,988263,"Arlington,522498",20-07-1995,Lyon,521993
1236621,ind,Maxwell,Tanner,986839,"Jacksonville,522821",20-08-1995,Arlington,522498
1237895,usa,Erick,Grady,987211,"Minneapolis,521774",22-02-1994,Jacksonville,522821
1237547,ind,Katelyn,Thomas,984890,"Saint Paul,522784",22-02-1994,Minneapolis,521774
1238191,usa,Doug,Hewitt,987725,"Jacksonville,521126",20-07-1995,Saint Paul,522784
1236615,ind,Phoebe,Pearce,987076,"Columbus,521401",20-08-1995,Jacksonville,521126
1236746,usa,Aurelia,Newman,988878,"San Francisco,522129",22-02-1994,Columbus,521401
1236246,ind,Joseph,Brooks,987310,"Colorado Springs,522423",22-02-1994,San Francisco,522129
1235375,usa,Henry,Everett,988622,"Lancaster,521937",20-07-1995,Colorado Springs,522423
1237608,ind,Harvey,Davies,988348,"Glendale,521977",20-08-1995,Lancaster,521937
1238328,usa,Vanessa,Wilkinson,987699,"New York,522259",22-02-1994,Glendale,521977
1235847,ind,Amy,Hobson,985498,"Moreno Valley,522152",22-02-1994,New York,522259
1238832,usa,Mona,Jenkin,988579,"Laredo,522526",20-07-1995,Moreno Valley,522152
1236274,ind,Winnie,Summers,987064,"Berna,522633",20-08-1995,Laredo,522526
1234876,usa,Tiffany,Locke,988465,"Las Vegas,522178",22-02-1994,Berna,522633
1236650,ind,Analise,Blackburn,984651,"Los Angeles,522012",22-02-1994,Las Vegas,522178
1234748,usa,Phillip,Marshall,987641,"Washington,521898",20-07-1995,Los Angeles,522012
1237034,ind,Maria,Patel,985621,"Lisbon,522464",20-08-1995,Washington,521898
1235542,usa,Daniel,Lyon,987692,"Las Vegas,522248",22-02-1994,Lisbon,522464
1235959,ind,Phillip,Atkinson,986970,"Boston,521632",22-02-1994,Las Vegas,522248
1238364,usa,Leroy,Tutton,986198,"Milwaukee,521581",20-07-1995,Boston,521632
1236370,ind,Roger,Addison,985882,"Garland,521422",20-08-1995,Milwaukee,521581
1236190,usa,Cedrick,Marshall,987611,"Milano,521738",22-02-1994,Garland,521422
1237714,ind,Benjamin,Uttley,987439,"Otawa,522830",22-02-1994,Milano,521738
1235149,usa,Josephine,Groves,987968,"Wien,522879",20-07-1995,Otawa,522830
1235219,ind,Domenic,Partridge,984679,"Houston,521818",20-08-1995,Wien,522879
1237535,usa,Matt,Todd,985042,"Charlotte,522440",22-02-1994,Houston,521818
1235476,ind,Caleb,Thorne,988532,"Springfield,521198",22-02-1994,Charlotte,522440
1235923,usa,Adalie,Connell,985128,"Phoenix,521584",20-07-1995,Springfield,521198
1234766,ind,Matthew,Ellison,987312,"Phoenix,522069",20-08-1995,Phoenix,521584
1235623,usa,Julius,Morgan,987296,"Louisville,522000",22-02-1994,Phoenix,522069
1237607,ind,Enoch,Thompson,988176,"Miami,522697",22-02-1994,Louisville,522000
1238993,usa,Hayden,Eaton,985531,"Sacramento,522258",20-07-1995,Miami,522697
1238665,ind,Percy,Yard,986734,"Los Angeles,522496",20-08-1995,Sacramento,522258
1237427,usa,Kaylee,Davies,986840,"St. Louis,522000",22-02-1994,Los Angeles,522496
1238138,ind,Nicholas,Williams,985538,"Bucharest,521222",22-02-1994,St. Louis,522000
1236045,usa,Denny,Weatcroft,988319,"Portland,522133",20-07-1995,Bucharest,521222
1235125,ind,Hank,Quinton,987339,"Toledo,521877",20-08-1995,Portland,522133
1236464,usa,Rihanna,Emmett,985584,"St. Louis,522902",22-02-1994,Toledo,521877
1238797,ind,Scarlett,Yard,987812,"Valetta,522905",22-02-1994,St. Louis,522902
1238179,usa,Eileen,Vallins,988917,"El Paso,521441",20-07-1995,Valetta,522905
1237314,ind,Aiden,Gaynor,988461,"Anaheim,522492",20-08-1995,El Paso,521441
1236956,usa,Carter,Yarwood,986557,"London,521994",22-02-1994,Anaheim,522492
1236031,ind,Anabel,Russell,988723,"Madrid,522094",22-02-1994,London,521994
1238587,usa,Savannah,Widdows,986262,"Glendale,522297",20-07-1995,Madrid,522094
1238801,ind,Aiden,Walker,988356,"Oakland,521469",20-08-1995,Glendale,522297
1236107,usa,Henry,Ebden,988260,"Miami,522255",22-02-1994,Oakland,521469
1235813,ind,Tom,Rowlands,985998,"Irving,521668",22-02-1994,Miami,522255
1238524,usa,Mike,Smith,985823,"Lakewood,522388",20-07-1995,Irving,521668
1237931,ind,Adina,Ebbs,987968,"Madrid,521217",20-08-1995,Lakewood,522388
1237951,usa,Florence,Veale,988966,"Paris,521936",22-02-1994,Madrid,521217
1237551,ind,Kurt,Locke,985099,"Washington,522312",22-02-1994,Paris,521936
1234737,usa,Maxwell,Wright,986731,"Madison,521603",20-07-1995,Washington,522312
1236858,ind,Adina,Jordan,987858,"Santa Ana,522509",20-08-1995,Madison,521603
1237185,usa,Alison,Gates,988514,"San Diego,521884",22-02-1994,Santa Ana,522509
1238964,ind,Johnny,Rust,985477,"Hollywood,521725",22-02-1994,San Diego,521884
1237655,usa,Tara,Seymour,988828,"Quebec,522847",20-07-1995,Hollywood,521725
1236622,ind,Savannah,London,984868,"Worcester,522399",20-08-1995,Quebec,522847
1235414,usa,David,May,986786,"Salt Lake City,521386",22-02-1994,Worcester,522399
1236831,ind,Ethan,Mills,985867,"Kansas City,521331",22-02-1994,Salt Lake City,521386
1236211,usa,Cameron,Bennett,986009,"New York,522252",20-07-1995,Kansas City,521331
1236324,ind,Marla,Harris,987715,"Salt Lake City,521253",20-08-1995,New York,522252
1236854,usa,Valerie,Parr,987882,"Lyon,521323",22-02-1994,Salt Lake City,521253
1237244,ind,Daniel,Kaur,986131,"Escondido,521410",22-02-1994,Lyon,521323
1238556,usa,Josh,Matthews,984623,"Venice,521462",20-07-1995,Escondido,521410
1237673,ind,Catherine,Price,984655,"Toledo,521782",20-08-1995,Venice,521462
1235441,usa,Jackeline,Thorpe,987660,"Stockton,521585",22-02-1994,Toledo,521782
1235140,ind,Tyson,Tyler,985577,"Louisville,521308",22-02-1994,Stockton,521585
1237414,usa,Mavis,Adams,985152,"Fayetteville,521574",20-07-1995,Louisville,521308
1237508,ind,Abdul,Chadwick,988213,"Oklahoma City,521146",20-08-1995,Fayetteville,521574
1236113,usa,Daniel,Radley,985822,"Seattle,522352",22-02-1994,Oklahoma City,521146
1237203,ind,Hayden,Owens,985805,"San Diego,522964",22-02-1994,Seattle,522352
1235907,usa,Chester,Cassidy,985766,"Sacramento,521984",20-07-1995,San Diego,522964
1237020,ind,Noah,Matthews,988325,"Salt Lake City,522806",20-08-1995,Sacramento,521984
1237415,usa,Owen,Murray,988635,"Rome,522067",22-02-1994,Salt Lake City,522806
1235509,ind,Christy,Dwyer,987246,"Columbus,521384",22-02-1994,Rome,522067
1237450,usa,Mark,Raven,985492,"Quebec,522634",20-07-1995,Columbus,521384
1234648,ind,Sebastian,Groves,987666,"Huntsville,521881",20-08-1995,Quebec,522634
1236888,usa,Kieth,Poulton,985832,"Milwaukee,522725",22-02-1994,Huntsville,521881
1235622,ind,Angelique,Murray,986880,"London,521619",22-02-1994,Milwaukee,522725
1236161,usa,Adelaide,Thompson,987646,"Zurich,522312",20-07-1995,London,521619
1234620,ind,Harry,Oakley,984842,"Santa Ana,521286",20-08-1995,Zurich,522312
1238511,usa,Danny,Tyler,987147,"Fort Lauderdale,522671",22-02-1994,Santa Ana,521286
1236080,ind,Holly,Widdows,985395,"New York,522380",22-02-1994,Fort Lauderdale,522671
1238017,usa,Elisabeth,Cameron,985081,"New York,521305",20-07-1995,New York,522380
1237428,ind,Wade,Gonzales,985910,"Bellevue,522513",20-08-1995,New York,521305
1238733,usa,Matt,Ingham,988968,"Long Beach,521505",22-02-1994,Bellevue,522513
1238493,ind,Jocelyn,Lucas,986380,"Henderson,522630",22-02-1994,Long Beach,521505
1237563,usa,Harvey,Whatson,988474,"Glendale,521300",20-07-1995,Henderson,522630
1238472,ind,Danny,Stewart,985855,"St. Louis,522888",20-08-1995,Glendale,521300
1238782,usa,David,Lane,988894,"Omaha,522698",22-02-1994,St. Louis,522888
1236868,ind,Tania,Gibbons,987764,"Tokyo,522960",22-02-1994,Omaha,522698
1236472,usa,Benny,Sinclair,985778,"Madison,522201",20-07-1995,Tokyo,522960
1237846,ind,Agnes,Blackwall,987873,"El Paso,521342",20-08-1995,Madison,522201
1238630,usa,Rita,Davies,985374,"Saint Paul,521795",22-02-1994,El Paso,521342
1234598,ind,Rosalyn,Lindop,984970,"St. Louis,521298",22-02-1994,Saint Paul,521795
1234652,usa,Gemma,Healy,985183,"Phoenix,521173",20-07-1995,St. Louis,521298
1236166,ind,Nate,Redden,986503,"Paris,522731",20-08-1995,Phoenix,521173
1236424,usa,Tony,John,986838,"Berna,521929",22-02-1994,Paris,522731
1234719,ind,Benny,Penn,985781,"Louisville,522814",22-02-1994,Berna,521929
1238823,usa,Darlene,Rothwell,987284,"Phoenix,521320",20-07-1995,Louisville,522814
1236972,ind,Mara,Lomax,985557,"Richmond,521557",20-08-1995,Phoenix,521320
1237307,usa,Gwen,Potter,985763,"Bellevue,522440",22-02-1994,Richmond,521557
1235226,ind,Alexander,Attwood,987730,"El Paso,522591",22-02-1994,Bellevue,522440
1235021,usa,Sofie,Styles,984785,"Chicago,521416",20-07-1995,El Paso,522591
1236819,ind,Rae,Stone,986503,"Albuquerque,522374",20-08-1995,Chicago,521416
1235971,usa,Rocco,Ianson,988298,"Milano,522337",22-02-1994,Albuquerque,522374
1234689,ind,Savannah,Parr,987786,"Laredo,522120",22-02-1994,Milano,522337
1235877,usa,Rosalyn,Parker,986837,"Paris,522381",20-07-1995,Laredo,522120
1237440,ind,Aiden,Kidd,988071,"Innsbruck,522065",20-08-1995,Paris,522381
1235123,usa,Helen,Radcliffe,988803,"Sacramento,522326",22-02-1994,Innsbruck,522065
1234683,ind,Jolene,Bradshaw,988071,"Wien,522732",22-02-1994,Sacramento,522326
1237586,usa,Carter,Watson,985479,"Cincinnati,522452",20-07-1995,Wien,522732
1235667,ind,Phillip,Jones,986398,"Dallas,522807",20-08-1995,Cincinnati,522452
1235950,usa,Leroy,Cadman,988344,"Jacksonville,521892",22-02-1994,Dallas,522807
1237842,ind,Francesca,Edmonds,987879,"Minneapolis,522195",22-02-1994,Jacksonville,521892
1236635,usa,Boris,Woodcock,987930,"Moreno Valley,521622",20-07-1995,Minneapolis,522195
1235583,ind,Hope,Trent,985007,"Huntsville,521737",20-08-1995,Moreno Valley,521622
1235505,usa,Wendy,Redden,986264,"Laredo,521680",22-02-1994,Huntsville,521737
1237261,ind,Barney,Quinton,987141,"Salt Lake City,521801",22-02-1994,Laredo,521680
1238820,usa,Carter,Dann,986644,"Springfield,521683",20-07-1995,Salt Lake City,521801
1237958,ind,Anne,Darcy,985155,"Phoenix,521921",20-08-1995,Springfield,521683
1238257,usa,Josh,Kennedy,988612,"Salem,522020",22-02-1994,Phoenix,521921
1235668,ind,Ruby,Dwyer,988846,"San Antonio,522534",22-02-1994,Salem,522020
1236310,usa,Denis,Norman,985342,"Wien,521594",20-07-1995,San Antonio,522534
1236968,ind,Anabel,Adler,988563,"Sacramento,521959",20-08-1995,Wien,521594
1235452,usa,Angela,Parker,984819,"Glendale,521484",22-02-1994,Sacramento,521959
1236271,ind,Chad,Kirby,984837,"Garland,521583",22-02-1994,Glendale,521484
1236924,usa,Johnny,Bryson,984862,"Hayward,521733",20-07-1995,Garland,521583
1234842,ind,Aeris,Gilbert,987787,"Detroit,521449",20-08-1995,Hayward,521733
1235529,usa,Taylor,Campbell,985444,"Lakewood,522458",22-02-1994,Detroit,521449
1236849,ind,Rosemary,Butler,988282,"San Jose,521674",22-02-1994,Lakewood,522458
1235424,usa,Oliver,Wright,985152,"Kansas City,521480",20-07-1995,San Jose,521674
1236423,ind,Abdul,Ingram,985939,"Bakersfield,521355",20-08-1995,Kansas City,521480
1237147,usa,Michael,Mitchell,988926,"Berlin,521752",22-02-1994,Bakersfield,521355
1235784,ind,Mavis,Butler,986367,"Glendale,521385",22-02-1994,Berlin,521752
1237377,usa,Gina,Shaw,986633,"Omaha,522790",20-07-1995,Glendale,521385
1237491,ind,Alessandra,Grey,986232,"Nashville,521823",20-08-1995,Omaha,522790
1236043,usa,Gil,Harrison,984641,"Lakewood,522204",22-02-1994,Nashville,521823
1238333,ind,Gwenyth,Stewart,984998,"Philadelphia,522559",22-02-1994,Lakewood,522204
1237103,usa,Jack,Rigg,985434,"Long Beach,521675",20-07-1995,Philadelphia,522559
1236783,ind,Sabrina,Ingham,986116,"Phoenix,522831",20-08-1995,Long Beach,521675
1235215,usa,Erin,Weatcroft,988369,"Boston,521347",22-02-1994,Phoenix,522831
1236518,ind,Clarissa,Clayton,987387,"Laredo,522267",22-02-1994,Boston,521347
1238280,usa,Marie,Latham,987793,"Denver,522705",20-07-1995,Laredo,522267
1238920,ind,Rylee,Weldon,984929,"Richmond,521420",20-08-1995,Denver,522705
1238330,usa,Barney,Benson,985219,"Valetta,522824",22-02-1994,Richmond,521420
1235464,ind,Maggie,Fox,985443,"St. Louis,522236",22-02-1994,Valetta,522824
1234678,usa,Ryan,Hepburn,985187,"Baltimore,522679",20-07-1995,St. Louis,522236
1234802,ind,Ron,Evans,985978,"Baltimore,521564",20-08-1995,Baltimore,522679
1235399,usa,John,Moran,987520,"Detroit,521939",22-02-1994,Baltimore,521564
1238220,ind,Anne,Marshall,987325,"Milwaukee,521842",22-02-1994,Detroit,521939
1237349,usa,Karen,Edwards,984651,"London,522149",20-07-1995,Milwaukee,521842
1236927,ind,Daniel,Avery,984627,"Anaheim,522260",20-08-1995,London,522149
1234953,usa,Bethany,Eagle,985389,"Prague,521483",22-02-1994,Anaheim,522260
1238725,ind,Logan,Harris,987958,"Rome,522668",22-02-1994,Prague,521483
1235089,usa,Raquel,Moss,987469,"Colorado Springs,522083",20-07-1995,Rome,522668
1236646,ind,Anabel,Appleton,986194,"Tokyo,521992",20-08-1995,Colorado Springs,522083
1234717,usa,Ellen,Hope,987342,"Pittsburgh,522572",22-02-1994,Tokyo,521992
1238961,ind,Monica,Rothwell,986362,"Fullerton,522969",22-02-1994,Pittsburgh,522572
1235685,usa,Noah,Dixon,987734,"Madrid,522284",20-07-1995,Fullerton,522969
1238117,ind,George,Swift,987120,"Long Beach,522308",20-08-1995,Madrid,522284
1237970,usa,Barry,Williams,984969,"Glendale,521173",22-02-1994,Long Beach,522308
1238026,ind,Maxwell,Cattell,987863,"Tokyo,522177",22-02-1994,Glendale,521173
1236348,usa,Matt,Butler,987414,"Denver,521447",20-07-1995,Tokyo,522177
1235352,ind,Doug,Moran,988242,"Louisville,521382",20-08-1995,Denver,521447
1235189,usa,Chadwick,Goldsmith,987054,"New Orleans,522205",22-02-1994,Louisville,521382
1238177,ind,Carissa,Emerson,986271,"Amarillo,522956",22-02-1994,New Orleans,522205
1234942,usa,Dani,Penn,986213,"Memphis,521261",20-07-1995,Amarillo,522956
1238047,ind,Keira,Jarrett,988772,"Reno,522780",20-08-1995,Memphis,521261
1235909,usa,Candace,Harrison,985105,"Denver,522049",22-02-1994,Reno,522780
1235595,ind,Mabel,Fulton,988727,"Arlington,522749",22-02-1994,Denver,522049
1236194,usa,Emery,Pratt,987961,"Fullerton,521177",20-07-1995,Arlington,522749
1236284,ind,Maxwell,Pope,988911,"New York,521267",20-08-1995,Fullerton,521177
1238213,usa,Analise,Gallacher,988202,"Lancaster,521569",22-02-1994,New York,521267
1238283,ind,Julian,Pope,985638,"Cincinnati,522822",22-02-1994,Lancaster,521569
1237814,usa,Madelyn,Rees,987828,"Columbus,522515",20-07-1995,Cincinnati,522822
1235374,ind,Parker,Rodwell,988595,"Orlando,522323",20-08-1995,Columbus,522515
1235683,usa,Mandy,Whinter,988537,"Tallahassee,522579",22-02-1994,Orlando,522323
1235235,ind,Caleb,Nelson,986557,"Bakersfield,521124",22-02-1994,Tallahassee,522579
1238535,usa,Anabelle,Harvey,988613,"Lakewood,522711",20-07-1995,Bakersfield,521124
1238390,ind,William,Evans,986053,"Denver,521439",20-08-1995,Lakewood,522711
1238728,usa,Hank,Watt,985329,"Moreno Valley,521205",22-02-1994,Denver,521439
1237379,ind,Paige,Rehman,987185,"Las Vegas,522061",22-02-1994,Moreno Valley,521205
1234861,usa,Martin,Rust,986233,"Arlington,522348",20-07-1995,Las Vegas,522061
1237616,ind,Domenic,Bowen,985983,"Escondido,522332",20-08-1995,Arlington,522348
1237981,usa,Chester,Holt,988011,"Paris,522199",22-02-1994,Escondido,522332
1235106,ind,Bryon,Stone,985280,"Tallahassee,522978",22-02-1994,Paris,522199
1237110,usa,Peter,Brown,985453,"Saint Paul,521923",20-07-1995,Tallahassee,522978
1235053,ind,Felicity,Coates,988227,"San Antonio,521695",20-08-1995,Saint Paul,521923
1238761,usa,Emmanuelle,Irwin,987194,"Berlin,521839",22-02-1994,San Antonio,521695
1237720,ind,Noah,Chapman,985801,"Baltimore,522738",22-02-1994,Berlin,521839
1236484,usa,Luke,Johnson,985845,"Bakersfield,522762",20-07-1995,Baltimore,522738
1237662,ind,Cedrick,Varndell,988355,"Ontario,522366",20-08-1995,Bakersfield,522762
1238574,usa,Winnie,Gordon,987220,"Prague,522143",22-02-1994,Ontario,522366
1236785,ind,Cedrick,Jenkins,985456,"Anaheim,522810",22-02-1994,Prague,522143
1238575,usa,Zoe,Burnley,987681,"Fremont,521485",20-07-1995,Anaheim,522810
1236281,ind,Joy,Gray,987374,"San Bernardino,521346",20-08-1995,Fremont,521485
1235385,usa,Denis,Mitchell,988650,"Milwaukee,522792",22-02-1994,San Bernardino,521346
1237746,ind,Josh,Bryant,988549,"Prague,522518",22-02-1994,Milwaukee,522792
1235014,usa,Karen,Hilton,986633,"Worcester,521784",20-07-1995,Prague,522518
1238052,ind,Johnathan,Uttley,988486,"Hollywood,522282",20-08-1995,Worcester,521784
1238892,usa,Danny,Buckley,985785,"Venice,522650",22-02-1994,Hollywood,522282
1235154,ind,Jane,Newman,987795,"Anaheim,522783",22-02-1994,Venice,522650
1234831,usa,Felicity,Eyres,986451,"Murfreesboro,522600",20-07-1995,Anaheim,522783
1238426,ind,Chloe,Nicolas,986950,"Zurich,522297",20-08-1995,Murfreesboro,522600
1235133,usa,Ryan,Edwards,987813,"Garland,521843",22-02-1994,Zurich,522297
1235040,ind,Julian,Campbell,986007,"Louisville,522127",22-02-1994,Garland,521843
1234580,usa,Alexander,Hastings,984627,"Salt Lake City,521866",20-07-1995,Louisville,522127
1238747,ind,Joseph,Andrews,987938,"Omaha,521415",20-08-1995,Salt Lake City,521866
1237353,usa,Denny,Reyes,987927,"Hollywood,522610",22-02-1994,Omaha,521415
1236611,ind,Noemi,Snell,987295,"Reno,522919",22-02-1994,Hollywood,522610
1237504,usa,Vanessa,Sinclair,988062,"Huntsville,522181",20-07-1995,Reno,522919
1237905,ind,Ronald,Stewart,985335,"Worcester,521683",20-08-1995,Huntsville,522181
1235610,usa,Sebastian,Jeffery,984756,"Portland,521920",22-02-1994,Worcester,521683
1237932,ind,Domenic,Willson,985075,"Washington,521263",22-02-1994,Portland,521920
1237693,usa,Chuck,Rossi,988817,"El Paso,522479",20-07-1995,Washington,521263
1237595,ind,Eileen,Moore,988148,"Milwaukee,521334",20-08-1995,El Paso,522479
1235379,usa,Daphne,Samuel,987933,"El Paso,521948",22-02-1994,Milwaukee,521334
1238331,ind,Luke,Osmond,988014,"San Jose,522869",22-02-1994,El Paso,521948
1236119,usa,Faith,Kelly,987867,"Dallas,522663",20-07-1995,San Jose,522869
1237785,ind,Alba,Cassidy,986301,"Berlin,522371",20-08-1995,Dallas,522663
1237313,usa,Peter,Doherty,985866,"Bucharest,522818",22-02-1994,Berlin,522371
1236613,ind,Goldie,Beal,986022,"Berna,521894",22-02-1994,Bucharest,522818
1236032,usa,Michael,Price,986580,"Lyon,521428",20-07-1995,Berna,521894
1235313,ind,Maxwell,Murray,985393,"Zurich,521834",20-08-1995,Lyon,521428
1235792,usa,Sharon,Purvis,988113,"Valetta,522204",22-02-1994,Zurich,521834
1236566,ind,Rose,Ingham,988233,"Long Beach,522639",22-02-1994,Valetta,522204
1235650,usa,Logan,Bell,985206,"Lyon,521924",20-07-1995,Long Beach,522639
1238114,ind,Jennifer,Edwards,988396,"Boston,521550",20-08-1995,Lyon,521924
1237852,usa,Marina,Drummond,987076,"Atlanta,522393",22-02-1994,Boston,521550
1238200,ind,Doug,Gibbons,985396,"Saint Paul,522802",22-02-1994,Atlanta,522393
1238954,usa,Cara,Powell,985906,"Jersey City,521127",20-07-1995,Saint Paul,522802
1235057,ind,Molly,Dobson,988958,"Wien,522738",20-08-1995,Jersey City,521127
1235676,usa,Mina,Fox,988863,"Henderson,521759",22-02-1994,Wien,522738
1236076,ind,Russel,Stanley,988232,"Venice,522233",22-02-1994,Henderson,521759
1235477,usa,Kurt,Bishop,988998,"Cincinnati,522935",20-07-1995,Venice,522233
1238425,ind,Lucas,Stevens,988505,"Indianapolis,521263",20-08-1995,Cincinnati,522935
1237257,usa,Marvin,Hope,984620,"Ontario,521343",22-02-1994,Indianapolis,521263
1236058,ind,Bree,Hopkinson,987734,"Cincinnati,522224",22-02-1994,Ontario,521343
1236970,usa,Danny,Whinter,987372,"Washington,522377",20-07-1995,Cincinnati,522224
1237157,ind,Nathan,Norton,987693,"Kansas City,521713",20-08-1995,Washington,522377
1237012,usa,Fred,Stuart,987089,"Toledo,521779",22-02-1994,Kansas City,521713
1236225,ind,Bethany,Nanton,988309,"Rome,522370",22-02-1994,Toledo,521779
1236086,usa,Harvey,Yates,985509,"Louisville,522943",20-07-1995,Rome,522370
1237258,ind,Chris,Dunbar,985212,"Arlington,521771",20-08-1995,Louisville,522943
1235841,usa,Evie,Gilmour,987803,"Detroit,522023",22-02-1994,Arlington,521771
1235783,ind,Isabella,Utterson,987099,"Fremont,522172",22-02-1994,Detroit,522023
1234791,usa,Danny,Stone,987894,"Portland,521473",20-07-1995,Fremont,522172
1238572,ind,Luke,London,987750,"Colorado Springs,521596",20-08-1995,Portland,521473
1236317,usa,Peter,Parr,986321,"Milwaukee,521642",22-02-1994,Colorado Springs,521596
1235199,ind,Danny,Kelly,986655,"Los Angeles,522531",22-02-1994,Milwaukee,521642
1235501,usa,Russel,Richardson,987468,"Los Angeles,522180",20-07-1995,Los Angeles,522531
1236115,ind,Angela,Gonzales,985321,"Toledo,522700",20-08-1995,Los Angeles,522180
1234911,usa,Claire,Tobin,985379,"Bellevue,521892",22-02-1994,Toledo,522700
1237099,ind,Jenna,Neal,985966,"Amarillo,522842",22-02-1994,Bellevue,521892
1237838,usa,Carmella,Vaughn,988358,"Toledo,522801",20-07-1995,Amarillo,522842
1235681,ind,Melania,Ebden,987913,"Irving,521523",20-08-1995,Toledo,522801
1236167,usa,Anne,Ballard,985374,"Berlin,522307",22-02-1994,Irving,521523
